[
{
  "model": "admin.logentry",
  "pk": 1,
  "fields": {
    "action_time": "2025-09-01T16:43:30.165Z",
    "user": 1,
    "content_type": 7,
    "object_id": "1",
    "object_repr": "work",
    "action_flag": 1,
    "change_message": "[{\"added\": {}}]"
  }
},
{
  "model": "admin.logentry",
  "pk": 2,
  "fields": {
    "action_time": "2025-09-01T16:43:38.286Z",
    "user": 1,
    "content_type": 7,
    "object_id": "2",
    "object_repr": "School",
    "action_flag": 1,
    "change_message": "[{\"added\": {}}]"
  }
},
{
  "model": "admin.logentry",
  "pk": 3,
  "fields": {
    "action_time": "2025-09-01T16:43:58.656Z",
    "user": 1,
    "content_type": 7,
    "object_id": "3",
    "object_repr": "Finance",
    "action_flag": 1,
    "change_message": "[{\"added\": {}}]"
  }
},
{
  "model": "admin.logentry",
  "pk": 4,
  "fields": {
    "action_time": "2025-09-01T16:44:08.848Z",
    "user": 1,
    "content_type": 7,
    "object_id": "4",
    "object_repr": "Projects",
    "action_flag": 1,
    "change_message": "[{\"added\": {}}]"
  }
},
{
  "model": "admin.logentry",
  "pk": 5,
  "fields": {
    "action_time": "2025-09-01T16:44:21.615Z",
    "user": 1,
    "content_type": 7,
    "object_id": "5",
    "object_repr": "Personal",
    "action_flag": 1,
    "change_message": "[{\"added\": {}}]"
  }
},
{
  "model": "admin.logentry",
  "pk": 6,
  "fields": {
    "action_time": "2025-09-01T16:44:36.590Z",
    "user": 1,
    "content_type": 8,
    "object_id": "1",
    "object_repr": "High",
    "action_flag": 1,
    "change_message": "[{\"added\": {}}]"
  }
},
{
  "model": "admin.logentry",
  "pk": 7,
  "fields": {
    "action_time": "2025-09-01T16:44:41.886Z",
    "user": 1,
    "content_type": 8,
    "object_id": "2",
    "object_repr": "Medium",
    "action_flag": 1,
    "change_message": "[{\"added\": {}}]"
  }
},
{
  "model": "admin.logentry",
  "pk": 8,
  "fields": {
    "action_time": "2025-09-01T16:44:47.619Z",
    "user": 1,
    "content_type": 8,
    "object_id": "3",
    "object_repr": "Low",
    "action_flag": 1,
    "change_message": "[{\"added\": {}}]"
  }
},
{
  "model": "admin.logentry",
  "pk": 9,
  "fields": {
    "action_time": "2025-09-01T16:48:05.476Z",
    "user": 1,
    "content_type": 9,
    "object_id": "1",
    "object_repr": "Finish Project",
    "action_flag": 1,
    "change_message": "[{\"added\": {}}]"
  }
},
{
  "model": "admin.logentry",
  "pk": 10,
  "fields": {
    "action_time": "2025-10-18T23:54:28.582Z",
    "user": 1,
    "content_type": 16,
    "object_id": "1",
    "object_repr": "Hangarin",
    "action_flag": 1,
    "change_message": "[{\"added\": {}}]"
  }
},
{
  "model": "admin.logentry",
  "pk": 11,
  "fields": {
    "action_time": "2025-10-19T00:57:13.726Z",
    "user": 1,
    "content_type": 16,
    "object_id": "2",
    "object_repr": "Google Login",
    "action_flag": 1,
    "change_message": "[{\"added\": {}}]"
  }
},
{
  "model": "admin.logentry",
  "pk": 12,
  "fields": {
    "action_time": "2025-10-19T00:57:44.483Z",
    "user": 1,
    "content_type": 16,
    "object_id": "2",
    "object_repr": "hangarin local",
    "action_flag": 2,
    "change_message": "[{\"changed\": {\"fields\": [\"Name\"]}}]"
  }
},
{
  "model": "auth.user",
  "pk": 1,
  "fields": {
    "password": "pbkdf2_sha256$1000000$PbBvOF9q9Sear8Dusjmyg2$t+xxBOEciA++3LORGn1NAuw5v/9wKGvVx7MhjkiNAxQ=",
    "last_login": "2025-10-19T03:05:55.812Z",
    "is_superuser": true,
    "username": "patrick",
    "first_name": "",
    "last_name": "",
    "email": "",
    "is_staff": true,
    "is_active": true,
    "date_joined": "2025-09-01T16:40:36.351Z",
    "groups": [],
    "user_permissions": []
  }
},
{
  "model": "auth.user",
  "pk": 2,
  "fields": {
    "password": "",
    "last_login": null,
    "is_superuser": false,
    "username": "github_user_5327",
    "first_name": "GitHub",
    "last_name": "User",
    "email": "github_user_5327@example.com",
    "is_staff": false,
    "is_active": true,
    "date_joined": "2025-10-19T01:18:33.557Z",
    "groups": [],
    "user_permissions": []
  }
},
{
  "model": "auth.user",
  "pk": 3,
  "fields": {
    "password": "",
    "last_login": null,
    "is_superuser": false,
    "username": "github_user_2674",
    "first_name": "GitHub",
    "last_name": "User",
    "email": "github_user_2674@example.com",
    "is_staff": false,
    "is_active": true,
    "date_joined": "2025-10-19T01:18:41.363Z",
    "groups": [],
    "user_permissions": []
  }
},
{
  "model": "auth.user",
  "pk": 4,
  "fields": {
    "password": "",
    "last_login": null,
    "is_superuser": false,
    "username": "github_user_7304",
    "first_name": "GitHub",
    "last_name": "User",
    "email": "github_user_7304@example.com",
    "is_staff": false,
    "is_active": true,
    "date_joined": "2025-10-19T01:18:45.538Z",
    "groups": [],
    "user_permissions": []
  }
},
{
  "model": "sessions.session",
  "pk": "0jgguph3i1vjslkik4obnk0sutkdwaqn",
  "fields": {
    "session_data": ".eJw1y8sKAiEUANB_uWupscc4uWsTDERt2lSEmHOnJFHxEZH4782m9eEUiE5paaRSLtskYpIJI_ACebffxvulPzxP_twfv8CvBXxwCuPkYNxDWyAwyCSB22wMAf9SKJQbULwx6FFj-IvFT5rSHCqhrG26ZctoM1tTtlpsulutP7DPLOQ:1vAI49:HmjzGTfGouH9q1_OV2UfzMlUDGNngxbTrk4om4dQnDU",
    "expire_date": "2025-11-02T01:18:33.560Z"
  }
},
{
  "model": "sessions.session",
  "pk": "c1efkh4tmrsa5ryki1o6y8z6s7egii4h",
  "fields": {
    "session_data": ".eJxVjMsOwiAURP-FtSEULleuS_f9BsJTqgaS0q6M_64kXehqkjln5sWs27di955Wu0R2YRM7_XbehUeqA8S7q7fGQ6vbung-FH7QzucW0_N6uH8HxfXyXSvKcNYT6oyIASmCEt7jCKUziSSVwSgDoHFG6iSBQCgfMwFpCZK9P7MoNmk:1v12SE:--Tq-xnywu3TcRSpjUf7RogmwiQhu6pwikT_CmYHOpo",
    "expire_date": "2025-10-07T12:49:10.275Z"
  }
},
{
  "model": "sessions.session",
  "pk": "h3mlhaw30tmdp1y6swttf8k1gddl7a8w",
  "fields": {
    "session_data": "e30:1vAI4L:aJNE893Ar7oUkFD0xMBo45NZqX45BshNgW0QSDyK5co",
    "expire_date": "2025-11-02T01:18:45.542Z"
  }
},
{
  "model": "sessions.session",
  "pk": "l4e19g33sm1d87gqsbllmyspfbd6o8ps",
  "fields": {
    "session_data": ".eJxVjMsOwiAURP-FtSEULleuS_f9BsJTqgaS0q6M_64kXehqkjln5sWs27di955Wu0R2YRM7_XbehUeqA8S7q7fGQ6vbung-FH7QzucW0_N6uH8HxfXyXSvKcNYT6oyIASmCEt7jCKUziSSVwSgDoHFG6iSBQCgfMwFpCZK9P7MoNmk:1vAJk3:O1Ve9QE1V_EdxMlndkW3FE_r7521MD0Iukp8ctt_rk0",
    "expire_date": "2025-11-02T03:05:55.815Z"
  }
},
{
  "model": "sessions.session",
  "pk": "u9c0axxhofpsp10mcsfofdl2ea4ut58s",
  "fields": {
    "session_data": ".eJxVjMsOwiAURP-FtSEULleuS_f9BsJTqgaS0q6M_64kXehqkjln5sWs27di955Wu0R2YRM7_XbehUeqA8S7q7fGQ6vbung-FH7QzucW0_N6uH8HxfXyXSvKcNYT6oyIASmCEt7jCKUziSSVwSgDoHFG6iSBQCgfMwFpCZK9P7MoNmk:1ut7bX:ls2-7dbqLodv976q1BUsAXXsrtYhD0Ip9VKzN_Nfj4M",
    "expire_date": "2025-09-15T16:42:03.434Z"
  }
},
{
  "model": "sessions.session",
  "pk": "xztw9vjx4qlnwbua1u9lxebhz61d5ozp",
  "fields": {
    "session_data": ".eJw1y7sKwjAUANB_uXPRxkfTZhQfi7i4CCIh3NyWYEhKklYh5N_t4nw4GaJHo6xC9JNLMiaVKILIcNCXWX-Ot_5xuodrdwbxzDAGjxQXB-sH46ACrZIC4SZrKxjfSBK9JjlTML2h8BdH37SkNZSK8aZutw1n7arbs3q34a9SfpkNLKI:1vAI4H:-iAP1nDaqha_ox0V3F-4RQ6gtwqiUkNiCorHWFpjmPs",
    "expire_date": "2025-11-02T01:18:41.367Z"
  }
},
{
  "model": "sites.site",
  "pk": 1,
  "fields": {
    "domain": "127.0.0.1:8000",
    "name": "Hangarin Local"
  }
},
{
  "model": "socialaccount.socialapp",
  "pk": 1,
  "fields": {
    "provider": "google",
    "provider_id": "Google",
    "name": "Hangarin",
    "client_id": "973765191645-4besfggio2e57hkbs1h3t9vtv8i7ofc.apps.googleusercontent.com",
    "secret": "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",
    "key": "",
    "settings": {},
    "sites": []
  }
},
{
  "model": "socialaccount.socialapp",
  "pk": 2,
  "fields": {
    "provider": "google",
    "provider_id": "Google",
    "name": "hangarin local",
    "client_id": "973765191645-4besfggio2e57hkbs1h3t9vtv8i7ofc.apps.googleusercontent.com",
    "secret": "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",
    "key": "",
    "settings": {},
    "sites": [
      1
    ]
  }
},
{
  "model": "taskmanager.category",
  "pk": 1,
  "fields": {
    "created_at": "2025-09-23T13:14:47.431Z",
    "updated_at": "2025-10-18T10:17:42.722Z",
    "name": "work"
  }
},
{
  "model": "taskmanager.category",
  "pk": 2,
  "fields": {
    "created_at": "2025-09-23T13:14:47.431Z",
    "updated_at": "2025-09-23T13:14:47.437Z",
    "name": "School"
  }
},
{
  "model": "taskmanager.category",
  "pk": 3,
  "fields": {
    "created_at": "2025-09-23T13:14:47.431Z",
    "updated_at": "2025-09-23T13:14:47.437Z",
    "name": "Finance"
  }
},
{
  "model": "taskmanager.category",
  "pk": 4,
  "fields": {
    "created_at": "2025-09-23T13:14:47.431Z",
    "updated_at": "2025-09-23T13:14:47.437Z",
    "name": "Projects"
  }
},
{
  "model": "taskmanager.category",
  "pk": 5,
  "fields": {
    "created_at": "2025-09-23T13:14:47.431Z",
    "updated_at": "2025-09-23T13:14:47.437Z",
    "name": "Personal"
  }
},
{
  "model": "taskmanager.category",
  "pk": 6,
  "fields": {
    "created_at": "2025-10-18T08:43:21.412Z",
    "updated_at": "2025-10-18T08:43:21.412Z",
    "name": "skibiditoilet"
  }
},
{
  "model": "taskmanager.priority",
  "pk": 1,
  "fields": {
    "created_at": "2025-09-23T13:14:47.440Z",
    "updated_at": "2025-09-23T13:14:47.442Z",
    "name": "High"
  }
},
{
  "model": "taskmanager.priority",
  "pk": 2,
  "fields": {
    "created_at": "2025-09-23T13:14:47.440Z",
    "updated_at": "2025-09-23T13:14:47.442Z",
    "name": "Medium"
  }
},
{
  "model": "taskmanager.priority",
  "pk": 3,
  "fields": {
    "created_at": "2025-09-23T13:14:47.440Z",
    "updated_at": "2025-09-23T13:14:47.442Z",
    "name": "Low"
  }
},
{
  "model": "taskmanager.task",
  "pk": 1,
  "fields": {
    "created_at": "2025-09-23T13:14:47.445Z",
    "updated_at": "2025-10-18T13:13:38.048Z",
    "title": "Finish Project",
    "description": "akhsbdkabdakbd",
    "deadline": "2025-09-11T00:00:00Z",
    "category": 1,
    "priority": 1,
    "status": "Completed"
  }
},
{
  "model": "taskmanager.task",
  "pk": 2,
  "fields": {
    "created_at": "2025-09-23T15:01:10.055Z",
    "updated_at": "2025-09-23T15:01:10.055Z",
    "title": "Least old morning.",
    "description": "Measure contain bed high difficult task. Miss would experience purpose.",
    "deadline": "2025-09-12T09:48:16Z",
    "category": 4,
    "priority": 2,
    "status": "Pending"
  }
},
{
  "model": "taskmanager.task",
  "pk": 3,
  "fields": {
    "created_at": "2025-09-23T15:01:10.066Z",
    "updated_at": "2025-09-23T15:01:10.066Z",
    "title": "Collection only east dark phone success.",
    "description": "Despite argue consider mind however evidence beautiful.",
    "deadline": "2025-09-04T20:39:06Z",
    "category": 2,
    "priority": 1,
    "status": "Completed"
  }
},
{
  "model": "taskmanager.task",
  "pk": 4,
  "fields": {
    "created_at": "2025-09-23T15:01:10.074Z",
    "updated_at": "2025-09-23T15:01:10.074Z",
    "title": "Law effect people minute activity.",
    "description": "Trial staff sometimes consider impact behavior. College month there while rate discover.",
    "deadline": "2025-09-02T08:09:57Z",
    "category": 2,
    "priority": 1,
    "status": "Pending"
  }
},
{
  "model": "taskmanager.task",
  "pk": 5,
  "fields": {
    "created_at": "2025-09-23T15:01:10.081Z",
    "updated_at": "2025-09-23T15:01:10.081Z",
    "title": "Respond thought not position point simple.",
    "description": "Medical place strategy option plant hear. Debate across follow over young key himself away. Project common off western account.",
    "deadline": "2025-09-04T15:22:35Z",
    "category": 3,
    "priority": 3,
    "status": "Completed"
  }
},
{
  "model": "taskmanager.task",
  "pk": 6,
  "fields": {
    "created_at": "2025-09-23T15:01:10.088Z",
    "updated_at": "2025-09-23T15:01:10.088Z",
    "title": "Theory always care protect.",
    "description": "Live human compare sell adult responsibility meet student. Send cold return one defense start.",
    "deadline": "2025-09-12T00:59:46Z",
    "category": 1,
    "priority": 3,
    "status": "Completed"
  }
},
{
  "model": "taskmanager.task",
  "pk": 7,
  "fields": {
    "created_at": "2025-09-23T15:01:10.095Z",
    "updated_at": "2025-09-23T15:01:10.095Z",
    "title": "Area wait sea surface true order.",
    "description": "Whole west decade knowledge drop until house. Why claim song scientist never knowledge star. Less prove after size will father.",
    "deadline": "2025-09-20T19:50:41Z",
    "category": 1,
    "priority": 2,
    "status": "In Progress"
  }
},
{
  "model": "taskmanager.task",
  "pk": 8,
  "fields": {
    "created_at": "2025-09-23T15:01:10.101Z",
    "updated_at": "2025-09-23T15:01:10.101Z",
    "title": "Will month huge event.",
    "description": "Cup staff life report. Nice mission quite recent ball report. Significant common old professional light.",
    "deadline": "2025-09-13T00:23:50Z",
    "category": 1,
    "priority": 1,
    "status": "Pending"
  }
},
{
  "model": "taskmanager.task",
  "pk": 9,
  "fields": {
    "created_at": "2025-09-23T15:01:10.108Z",
    "updated_at": "2025-09-23T15:01:10.108Z",
    "title": "Relationship recognize far cut vote brother.",
    "description": "Green affect community name tough people idea yeah. Understand continue true best base.",
    "deadline": "2025-09-08T01:01:06Z",
    "category": 5,
    "priority": 2,
    "status": "Completed"
  }
},
{
  "model": "taskmanager.task",
  "pk": 10,
  "fields": {
    "created_at": "2025-09-23T15:01:10.116Z",
    "updated_at": "2025-09-23T15:01:10.116Z",
    "title": "Still not risk market board.",
    "description": "Back ever begin nearly safe. Card property why hair size activity help.",
    "deadline": "2025-09-13T04:57:05Z",
    "category": 4,
    "priority": 2,
    "status": "Completed"
  }
},
{
  "model": "taskmanager.task",
  "pk": 11,
  "fields": {
    "created_at": "2025-09-23T15:01:10.123Z",
    "updated_at": "2025-09-23T15:01:10.123Z",
    "title": "Strong already situation.",
    "description": "Push great admit particularly mission them receive. Sit price author admit series cold. Forget if example every blue. Nothing break or indeed street much.",
    "deadline": "2025-09-01T23:49:50Z",
    "category": 5,
    "priority": 1,
    "status": "Pending"
  }
},
{
  "model": "taskmanager.task",
  "pk": 12,
  "fields": {
    "created_at": "2025-09-23T15:06:48.969Z",
    "updated_at": "2025-09-23T15:06:48.969Z",
    "title": "Dream federal game reduce enough.",
    "description": "Apply rock soldier he news take. Her security peace cause nice. Clearly class bit.",
    "deadline": "2025-09-17T14:35:03Z",
    "category": 5,
    "priority": 3,
    "status": "Completed"
  }
},
{
  "model": "taskmanager.task",
  "pk": 13,
  "fields": {
    "created_at": "2025-09-23T15:06:48.979Z",
    "updated_at": "2025-09-23T15:06:48.979Z",
    "title": "Magazine high call you last.",
    "description": "Fire enough value walk even often. Work raise direction idea could party. For citizen quite particularly result leave item.",
    "deadline": "2025-09-13T12:22:15Z",
    "category": 4,
    "priority": 1,
    "status": "Pending"
  }
},
{
  "model": "taskmanager.task",
  "pk": 14,
  "fields": {
    "created_at": "2025-09-23T15:06:48.986Z",
    "updated_at": "2025-09-23T15:06:48.986Z",
    "title": "Up speak light very form.",
    "description": "Theory tell receive reality kitchen ok. All outside though fly.",
    "deadline": "2025-09-01T09:20:46Z",
    "category": 5,
    "priority": 3,
    "status": "Pending"
  }
},
{
  "model": "taskmanager.task",
  "pk": 15,
  "fields": {
    "created_at": "2025-09-23T15:06:48.993Z",
    "updated_at": "2025-09-23T15:06:48.993Z",
    "title": "Measure system attention a.",
    "description": "Report meeting prevent onto decide analysis professor. Indeed alone country state region. Second better hotel still concern beat project.",
    "deadline": "2025-09-14T11:08:42Z",
    "category": 2,
    "priority": 1,
    "status": "Pending"
  }
},
{
  "model": "taskmanager.task",
  "pk": 16,
  "fields": {
    "created_at": "2025-09-23T15:06:49.000Z",
    "updated_at": "2025-09-23T15:06:49.000Z",
    "title": "Claim PM fine.",
    "description": "Wall team age worry couple especially. Mouth herself economy someone. Memory only capital size.",
    "deadline": "2025-09-01T23:50:28Z",
    "category": 2,
    "priority": 3,
    "status": "Pending"
  }
},
{
  "model": "taskmanager.task",
  "pk": 17,
  "fields": {
    "created_at": "2025-09-23T15:06:49.014Z",
    "updated_at": "2025-09-23T15:06:49.014Z",
    "title": "Million product ago.",
    "description": "Life serious behavior teacher mention save second sure. Quite easy officer write. Model degree difference sister while.",
    "deadline": "2025-09-08T15:45:00Z",
    "category": 2,
    "priority": 1,
    "status": "Pending"
  }
},
{
  "model": "taskmanager.task",
  "pk": 18,
  "fields": {
    "created_at": "2025-09-23T15:06:49.028Z",
    "updated_at": "2025-09-23T15:06:49.028Z",
    "title": "Identify modern glass benefit.",
    "description": "Style sea lot answer reveal owner. Than personal student. Outside type start store analysis sport foreign.",
    "deadline": "2025-09-10T02:12:45Z",
    "category": 2,
    "priority": 3,
    "status": "In Progress"
  }
},
{
  "model": "taskmanager.task",
  "pk": 19,
  "fields": {
    "created_at": "2025-09-23T15:06:49.041Z",
    "updated_at": "2025-09-23T15:06:49.041Z",
    "title": "Key stand surface body letter.",
    "description": "Girl music view American. Interesting put laugh material.",
    "deadline": "2025-09-10T17:12:22Z",
    "category": 2,
    "priority": 2,
    "status": "Completed"
  }
},
{
  "model": "taskmanager.task",
  "pk": 22,
  "fields": {
    "created_at": "2025-10-18T08:41:35.634Z",
    "updated_at": "2025-10-18T08:41:35.634Z",
    "title": "banana",
    "description": "aihfdvbajhvsdabdaiskd",
    "deadline": "4555-03-13T00:00:00Z",
    "category": 3,
    "priority": 2,
    "status": "Pending"
  }
},
{
  "model": "taskmanager.task",
  "pk": 23,
  "fields": {
    "created_at": "2025-10-18T09:28:13.118Z",
    "updated_at": "2025-10-18T09:28:13.118Z",
    "title": "banana",
    "description": "asfaefafafafaf",
    "deadline": "4666-04-11T00:00:00Z",
    "category": 4,
    "priority": 2,
    "status": "Pending"
  }
},
{
  "model": "taskmanager.task",
  "pk": 24,
  "fields": {
    "created_at": "2025-10-18T09:28:55.797Z",
    "updated_at": "2025-10-18T09:28:55.797Z",
    "title": "banan2",
    "description": "adadadasdadadad",
    "deadline": "2004-11-03T00:00:00Z",
    "category": 2,
    "priority": 1,
    "status": "Completed"
  }
},
{
  "model": "taskmanager.subtask",
  "pk": 2,
  "fields": {
    "created_at": "2025-09-23T15:01:10.060Z",
    "updated_at": "2025-10-18T10:16:58.128Z",
    "title": "Friend also evening visit.",
    "status": "In Progress",
    "parent_task": 3
  }
},
{
  "model": "taskmanager.subtask",
  "pk": 3,
  "fields": {
    "created_at": "2025-09-23T15:01:10.068Z",
    "updated_at": "2025-09-23T15:01:10.068Z",
    "title": "Rich raise.",
    "status": "In Progress",
    "parent_task": 3
  }
},
{
  "model": "taskmanager.subtask",
  "pk": 4,
  "fields": {
    "created_at": "2025-09-23T15:01:10.069Z",
    "updated_at": "2025-09-23T15:01:10.069Z",
    "title": "Should player find.",
    "status": "Pending",
    "parent_task": 3
  }
},
{
  "model": "taskmanager.subtask",
  "pk": 5,
  "fields": {
    "created_at": "2025-09-23T15:01:10.075Z",
    "updated_at": "2025-09-23T15:01:10.075Z",
    "title": "Result operation last.",
    "status": "Pending",
    "parent_task": 4
  }
},
{
  "model": "taskmanager.subtask",
  "pk": 6,
  "fields": {
    "created_at": "2025-09-23T15:01:10.076Z",
    "updated_at": "2025-09-23T15:01:10.076Z",
    "title": "Enough professor.",
    "status": "In Progress",
    "parent_task": 4
  }
},
{
  "model": "taskmanager.subtask",
  "pk": 7,
  "fields": {
    "created_at": "2025-09-23T15:01:10.082Z",
    "updated_at": "2025-09-23T15:01:10.082Z",
    "title": "Everyone unit agency.",
    "status": "Completed",
    "parent_task": 5
  }
},
{
  "model": "taskmanager.subtask",
  "pk": 8,
  "fields": {
    "created_at": "2025-09-23T15:01:10.083Z",
    "updated_at": "2025-09-23T15:01:10.083Z",
    "title": "Compare radio business.",
    "status": "Pending",
    "parent_task": 5
  }
},
{
  "model": "taskmanager.subtask",
  "pk": 9,
  "fields": {
    "created_at": "2025-09-23T15:01:10.089Z",
    "updated_at": "2025-09-23T15:01:10.089Z",
    "title": "One reduce.",
    "status": "Pending",
    "parent_task": 6
  }
},
{
  "model": "taskmanager.subtask",
  "pk": 10,
  "fields": {
    "created_at": "2025-09-23T15:01:10.090Z",
    "updated_at": "2025-09-23T15:01:10.090Z",
    "title": "Six meet.",
    "status": "Pending",
    "parent_task": 6
  }
},
{
  "model": "taskmanager.subtask",
  "pk": 11,
  "fields": {
    "created_at": "2025-09-23T15:01:10.096Z",
    "updated_at": "2025-09-23T15:01:10.096Z",
    "title": "Moment city miss.",
    "status": "In Progress",
    "parent_task": 7
  }
},
{
  "model": "taskmanager.subtask",
  "pk": 12,
  "fields": {
    "created_at": "2025-09-23T15:01:10.097Z",
    "updated_at": "2025-09-23T15:01:10.097Z",
    "title": "Bed scientist read ready.",
    "status": "In Progress",
    "parent_task": 7
  }
},
{
  "model": "taskmanager.subtask",
  "pk": 13,
  "fields": {
    "created_at": "2025-09-23T15:01:10.103Z",
    "updated_at": "2025-09-23T15:01:10.103Z",
    "title": "Science interesting return.",
    "status": "In Progress",
    "parent_task": 8
  }
},
{
  "model": "taskmanager.subtask",
  "pk": 14,
  "fields": {
    "created_at": "2025-09-23T15:01:10.104Z",
    "updated_at": "2025-09-23T15:01:10.104Z",
    "title": "Anything cup race.",
    "status": "In Progress",
    "parent_task": 8
  }
},
{
  "model": "taskmanager.subtask",
  "pk": 15,
  "fields": {
    "created_at": "2025-09-23T15:01:10.110Z",
    "updated_at": "2025-09-23T15:01:10.110Z",
    "title": "Very economic.",
    "status": "Completed",
    "parent_task": 9
  }
},
{
  "model": "taskmanager.subtask",
  "pk": 16,
  "fields": {
    "created_at": "2025-09-23T15:01:10.112Z",
    "updated_at": "2025-09-23T15:01:10.112Z",
    "title": "Base he north.",
    "status": "Completed",
    "parent_task": 9
  }
},
{
  "model": "taskmanager.subtask",
  "pk": 17,
  "fields": {
    "created_at": "2025-09-23T15:01:10.117Z",
    "updated_at": "2025-09-23T15:01:10.117Z",
    "title": "Relate figure.",
    "status": "In Progress",
    "parent_task": 10
  }
},
{
  "model": "taskmanager.subtask",
  "pk": 18,
  "fields": {
    "created_at": "2025-09-23T15:01:10.119Z",
    "updated_at": "2025-09-23T15:01:10.119Z",
    "title": "Economic charge.",
    "status": "Pending",
    "parent_task": 10
  }
},
{
  "model": "taskmanager.subtask",
  "pk": 19,
  "fields": {
    "created_at": "2025-09-23T15:01:10.124Z",
    "updated_at": "2025-09-23T15:01:10.124Z",
    "title": "Cell analysis.",
    "status": "In Progress",
    "parent_task": 11
  }
},
{
  "model": "taskmanager.subtask",
  "pk": 20,
  "fields": {
    "created_at": "2025-09-23T15:01:10.126Z",
    "updated_at": "2025-09-23T15:01:10.126Z",
    "title": "Since generation there.",
    "status": "Pending",
    "parent_task": 11
  }
},
{
  "model": "taskmanager.subtask",
  "pk": 21,
  "fields": {
    "created_at": "2025-09-23T15:06:48.972Z",
    "updated_at": "2025-09-23T15:06:48.972Z",
    "title": "Laugh morning.",
    "status": "In Progress",
    "parent_task": 12
  }
},
{
  "model": "taskmanager.subtask",
  "pk": 22,
  "fields": {
    "created_at": "2025-09-23T15:06:48.974Z",
    "updated_at": "2025-09-23T15:06:48.974Z",
    "title": "Deep say maybe employee.",
    "status": "In Progress",
    "parent_task": 12
  }
},
{
  "model": "taskmanager.subtask",
  "pk": 23,
  "fields": {
    "created_at": "2025-09-23T15:06:48.980Z",
    "updated_at": "2025-09-23T15:06:48.980Z",
    "title": "Finish range.",
    "status": "In Progress",
    "parent_task": 13
  }
},
{
  "model": "taskmanager.subtask",
  "pk": 24,
  "fields": {
    "created_at": "2025-09-23T15:06:48.982Z",
    "updated_at": "2025-09-23T15:06:48.982Z",
    "title": "Art kitchen yes.",
    "status": "Completed",
    "parent_task": 13
  }
},
{
  "model": "taskmanager.subtask",
  "pk": 25,
  "fields": {
    "created_at": "2025-09-23T15:06:48.987Z",
    "updated_at": "2025-09-23T15:06:48.987Z",
    "title": "Adult.",
    "status": "In Progress",
    "parent_task": 14
  }
},
{
  "model": "taskmanager.subtask",
  "pk": 26,
  "fields": {
    "created_at": "2025-09-23T15:06:48.989Z",
    "updated_at": "2025-09-23T15:06:48.989Z",
    "title": "Large happy stage identify.",
    "status": "Pending",
    "parent_task": 14
  }
},
{
  "model": "taskmanager.subtask",
  "pk": 27,
  "fields": {
    "created_at": "2025-09-23T15:06:48.994Z",
    "updated_at": "2025-09-23T15:06:48.994Z",
    "title": "Bank general.",
    "status": "Pending",
    "parent_task": 15
  }
},
{
  "model": "taskmanager.subtask",
  "pk": 28,
  "fields": {
    "created_at": "2025-09-23T15:06:48.995Z",
    "updated_at": "2025-09-23T15:06:48.995Z",
    "title": "Character as society.",
    "status": "Pending",
    "parent_task": 15
  }
},
{
  "model": "taskmanager.subtask",
  "pk": 29,
  "fields": {
    "created_at": "2025-09-23T15:06:49.001Z",
    "updated_at": "2025-09-23T15:06:49.001Z",
    "title": "Beyond month.",
    "status": "Pending",
    "parent_task": 16
  }
},
{
  "model": "taskmanager.subtask",
  "pk": 30,
  "fields": {
    "created_at": "2025-09-23T15:06:49.006Z",
    "updated_at": "2025-09-23T15:06:49.006Z",
    "title": "Significant put.",
    "status": "Completed",
    "parent_task": 16
  }
},
{
  "model": "taskmanager.subtask",
  "pk": 31,
  "fields": {
    "created_at": "2025-09-23T15:06:49.017Z",
    "updated_at": "2025-09-23T15:06:49.017Z",
    "title": "Along course much.",
    "status": "Completed",
    "parent_task": 17
  }
},
{
  "model": "taskmanager.subtask",
  "pk": 32,
  "fields": {
    "created_at": "2025-09-23T15:06:49.019Z",
    "updated_at": "2025-09-23T15:06:49.019Z",
    "title": "Current strategy.",
    "status": "In Progress",
    "parent_task": 17
  }
},
{
  "model": "taskmanager.subtask",
  "pk": 33,
  "fields": {
    "created_at": "2025-09-23T15:06:49.030Z",
    "updated_at": "2025-09-23T15:06:49.030Z",
    "title": "Our rest appear.",
    "status": "Completed",
    "parent_task": 18
  }
},
{
  "model": "taskmanager.subtask",
  "pk": 34,
  "fields": {
    "created_at": "2025-09-23T15:06:49.033Z",
    "updated_at": "2025-09-23T15:06:49.033Z",
    "title": "Economic relate.",
    "status": "In Progress",
    "parent_task": 18
  }
},
{
  "model": "taskmanager.subtask",
  "pk": 35,
  "fields": {
    "created_at": "2025-09-23T15:06:49.044Z",
    "updated_at": "2025-09-23T15:06:49.044Z",
    "title": "Send behind.",
    "status": "In Progress",
    "parent_task": 19
  }
},
{
  "model": "taskmanager.subtask",
  "pk": 36,
  "fields": {
    "created_at": "2025-09-23T15:06:49.046Z",
    "updated_at": "2025-09-23T15:06:49.046Z",
    "title": "Himself statement small.",
    "status": "Completed",
    "parent_task": 19
  }
},
{
  "model": "taskmanager.note",
  "pk": 1,
  "fields": {
    "created_at": "2025-09-23T15:01:10.062Z",
    "updated_at": "2025-09-23T15:01:10.062Z",
    "task": 2,
    "content": "Least method half risk minute. Keep mouth choice season center middle would."
  }
},
{
  "model": "taskmanager.note",
  "pk": 2,
  "fields": {
    "created_at": "2025-09-23T15:01:10.064Z",
    "updated_at": "2025-09-23T15:01:10.064Z",
    "task": 2,
    "content": "Give final along result town."
  }
},
{
  "model": "taskmanager.note",
  "pk": 3,
  "fields": {
    "created_at": "2025-09-23T15:01:10.071Z",
    "updated_at": "2025-09-23T15:01:10.071Z",
    "task": 3,
    "content": "Will those conference democratic."
  }
},
{
  "model": "taskmanager.note",
  "pk": 4,
  "fields": {
    "created_at": "2025-09-23T15:01:10.072Z",
    "updated_at": "2025-09-23T15:01:10.072Z",
    "task": 3,
    "content": "Safe interview former performance."
  }
},
{
  "model": "taskmanager.note",
  "pk": 5,
  "fields": {
    "created_at": "2025-09-23T15:01:10.078Z",
    "updated_at": "2025-09-23T15:01:10.078Z",
    "task": 4,
    "content": "Source beautiful artist lawyer not again catch."
  }
},
{
  "model": "taskmanager.note",
  "pk": 6,
  "fields": {
    "created_at": "2025-09-23T15:01:10.079Z",
    "updated_at": "2025-09-23T15:01:10.079Z",
    "task": 4,
    "content": "Possible notice plan remain establish system arrive phone."
  }
},
{
  "model": "taskmanager.note",
  "pk": 7,
  "fields": {
    "created_at": "2025-09-23T15:01:10.085Z",
    "updated_at": "2025-09-23T15:01:10.085Z",
    "task": 5,
    "content": "General upon color."
  }
},
{
  "model": "taskmanager.note",
  "pk": 8,
  "fields": {
    "created_at": "2025-09-23T15:01:10.086Z",
    "updated_at": "2025-09-23T15:01:10.086Z",
    "task": 5,
    "content": "Gas seven world trial. News pressure television record choice."
  }
},
{
  "model": "taskmanager.note",
  "pk": 9,
  "fields": {
    "created_at": "2025-09-23T15:01:10.091Z",
    "updated_at": "2025-09-23T15:01:10.091Z",
    "task": 6,
    "content": "Something glass group record. Character dog population majority job."
  }
},
{
  "model": "taskmanager.note",
  "pk": 10,
  "fields": {
    "created_at": "2025-09-23T15:01:10.093Z",
    "updated_at": "2025-09-23T15:01:10.093Z",
    "task": 6,
    "content": "Even street class I."
  }
},
{
  "model": "taskmanager.note",
  "pk": 11,
  "fields": {
    "created_at": "2025-09-23T15:01:10.099Z",
    "updated_at": "2025-09-23T15:01:10.099Z",
    "task": 7,
    "content": "Guy same budget game mission business sing."
  }
},
{
  "model": "taskmanager.note",
  "pk": 12,
  "fields": {
    "created_at": "2025-09-23T15:01:10.100Z",
    "updated_at": "2025-09-23T15:01:10.100Z",
    "task": 7,
    "content": "Evidence your pick thought discover truth want really."
  }
},
{
  "model": "taskmanager.note",
  "pk": 13,
  "fields": {
    "created_at": "2025-09-23T15:01:10.106Z",
    "updated_at": "2025-09-23T15:01:10.106Z",
    "task": 8,
    "content": "Start first for rest early."
  }
},
{
  "model": "taskmanager.note",
  "pk": 14,
  "fields": {
    "created_at": "2025-09-23T15:01:10.107Z",
    "updated_at": "2025-09-23T15:01:10.107Z",
    "task": 8,
    "content": "Performance across grow feel."
  }
},
{
  "model": "taskmanager.note",
  "pk": 15,
  "fields": {
    "created_at": "2025-09-23T15:01:10.113Z",
    "updated_at": "2025-09-23T15:01:10.113Z",
    "task": 9,
    "content": "Responsibility we wind leader house myself alone."
  }
},
{
  "model": "taskmanager.note",
  "pk": 16,
  "fields": {
    "created_at": "2025-09-23T15:01:10.114Z",
    "updated_at": "2025-09-23T15:01:10.114Z",
    "task": 9,
    "content": "Perform building yes act design. Others stand mother."
  }
},
{
  "model": "taskmanager.note",
  "pk": 17,
  "fields": {
    "created_at": "2025-09-23T15:01:10.120Z",
    "updated_at": "2025-09-23T15:01:10.120Z",
    "task": 10,
    "content": "Ever answer myself method tonight. Truth them product large along account major."
  }
},
{
  "model": "taskmanager.note",
  "pk": 18,
  "fields": {
    "created_at": "2025-09-23T15:01:10.122Z",
    "updated_at": "2025-09-23T15:01:10.122Z",
    "task": 10,
    "content": "Front future store act whether very mother purpose. Yes point on trouble assume against large."
  }
},
{
  "model": "taskmanager.note",
  "pk": 19,
  "fields": {
    "created_at": "2025-09-23T15:01:10.127Z",
    "updated_at": "2025-09-23T15:01:10.127Z",
    "task": 11,
    "content": "Itself court oil morning modern. Civil claim piece response knowledge like."
  }
},
{
  "model": "taskmanager.note",
  "pk": 20,
  "fields": {
    "created_at": "2025-09-23T15:01:10.129Z",
    "updated_at": "2025-09-23T15:01:10.129Z",
    "task": 11,
    "content": "News particularly fight important. Name site evidence other data yourself and."
  }
},
{
  "model": "taskmanager.note",
  "pk": 21,
  "fields": {
    "created_at": "2025-09-23T15:06:48.976Z",
    "updated_at": "2025-09-23T15:06:48.976Z",
    "task": 12,
    "content": "Huge run lay main deal something. Current myself fall person people until."
  }
},
{
  "model": "taskmanager.note",
  "pk": 22,
  "fields": {
    "created_at": "2025-09-23T15:06:48.977Z",
    "updated_at": "2025-09-23T15:06:48.977Z",
    "task": 12,
    "content": "Politics picture tax plant stop could anyone. Recently thought hot nothing number between reflect."
  }
},
{
  "model": "taskmanager.note",
  "pk": 23,
  "fields": {
    "created_at": "2025-09-23T15:06:48.983Z",
    "updated_at": "2025-09-23T15:06:48.983Z",
    "task": 13,
    "content": "Work still form capital what cold attention go. Subject but change should difference."
  }
},
{
  "model": "taskmanager.note",
  "pk": 24,
  "fields": {
    "created_at": "2025-09-23T15:06:48.984Z",
    "updated_at": "2025-09-23T15:06:48.984Z",
    "task": 13,
    "content": "Product forget range left foreign quickly. Hear everybody teacher little until reality it middle."
  }
},
{
  "model": "taskmanager.note",
  "pk": 25,
  "fields": {
    "created_at": "2025-09-23T15:06:48.990Z",
    "updated_at": "2025-09-23T15:06:48.990Z",
    "task": 14,
    "content": "Standard alone stay while order a."
  }
},
{
  "model": "taskmanager.note",
  "pk": 26,
  "fields": {
    "created_at": "2025-09-23T15:06:48.991Z",
    "updated_at": "2025-09-23T15:06:48.991Z",
    "task": 14,
    "content": "Than prove recognize we. Size language tough fast his health."
  }
},
{
  "model": "taskmanager.note",
  "pk": 27,
  "fields": {
    "created_at": "2025-09-23T15:06:48.997Z",
    "updated_at": "2025-09-23T15:06:48.997Z",
    "task": 15,
    "content": "Force little result maybe almost."
  }
},
{
  "model": "taskmanager.note",
  "pk": 28,
  "fields": {
    "created_at": "2025-09-23T15:06:48.998Z",
    "updated_at": "2025-09-23T15:06:48.998Z",
    "task": 15,
    "content": "Then southern local stop car. Including experience wear discussion recognize either."
  }
},
{
  "model": "taskmanager.note",
  "pk": 29,
  "fields": {
    "created_at": "2025-09-23T15:06:49.008Z",
    "updated_at": "2025-09-23T15:06:49.008Z",
    "task": 16,
    "content": "Sea moment difficult three perhaps term."
  }
},
{
  "model": "taskmanager.note",
  "pk": 30,
  "fields": {
    "created_at": "2025-09-23T15:06:49.011Z",
    "updated_at": "2025-09-23T15:06:49.011Z",
    "task": 16,
    "content": "Threat action during less director."
  }
},
{
  "model": "taskmanager.note",
  "pk": 31,
  "fields": {
    "created_at": "2025-09-23T15:06:49.022Z",
    "updated_at": "2025-09-23T15:06:49.022Z",
    "task": 17,
    "content": "Subject answer join center sea central camera."
  }
},
{
  "model": "taskmanager.note",
  "pk": 32,
  "fields": {
    "created_at": "2025-09-23T15:06:49.025Z",
    "updated_at": "2025-09-23T15:06:49.025Z",
    "task": 17,
    "content": "Child voice serious condition pattern. Contain ready data hard own night."
  }
},
{
  "model": "taskmanager.note",
  "pk": 33,
  "fields": {
    "created_at": "2025-09-23T15:06:49.036Z",
    "updated_at": "2025-09-23T15:06:49.036Z",
    "task": 18,
    "content": "Lawyer top better second drive medical. Middle bill lead sit that any."
  }
},
{
  "model": "taskmanager.note",
  "pk": 34,
  "fields": {
    "created_at": "2025-09-23T15:06:49.038Z",
    "updated_at": "2025-09-23T15:06:49.038Z",
    "task": 18,
    "content": "Doctor figure today grow."
  }
},
{
  "model": "taskmanager.note",
  "pk": 35,
  "fields": {
    "created_at": "2025-09-23T15:06:49.048Z",
    "updated_at": "2025-09-23T15:06:49.048Z",
    "task": 19,
    "content": "Together moment why authority world choice billion."
  }
},
{
  "model": "taskmanager.note",
  "pk": 36,
  "fields": {
    "created_at": "2025-09-23T15:06:49.050Z",
    "updated_at": "2025-09-23T15:06:49.050Z",
    "task": 19,
    "content": "Alone show ready democratic point represent."
  }
}
]
